{
    "accuracy": 0.7951219512195122,
    "precision": 0.7563025210084033,
    "recall": 0.8737864077669902,
    "f1_score": 0.8108108108108107,
    "specificity": 0.7156862745098039,
    "auc": 0.8790215115172283,
    "roc_curve": {
        "fpr": [
            0.0,
            0.0,
            0.0,
            0.0,
            0.0,
            0.0,
            0.0,
            0.0,
            0.0,
            0.0,
            0.00980392156862745,
            0.00980392156862745,
            0.00980392156862745,
            0.00980392156862745,
            0.0196078431372549,
            0.0196078431372549,
            0.0196078431372549,
            0.0196078431372549,
            0.0392156862745098,
            0.0392156862745098,
            0.06862745098039216,
            0.06862745098039216,
            0.06862745098039216,
            0.0784313725490196,
            0.0784313725490196,
            0.0784313725490196,
            0.0784313725490196,
            0.08823529411764706,
            0.08823529411764706,
            0.09803921568627451,
            0.09803921568627451,
            0.11764705882352941,
            0.11764705882352941,
            0.1568627450980392,
            0.1568627450980392,
            0.18627450980392157,
            0.18627450980392157,
            0.18627450980392157,
            0.20588235294117646,
            0.20588235294117646,
            0.22549019607843138,
            0.22549019607843138,
            0.24509803921568626,
            0.24509803921568626,
            0.2549019607843137,
            0.2549019607843137,
            0.2647058823529412,
            0.2647058823529412,
            0.30392156862745096,
            0.3137254901960784,
            0.3137254901960784,
            0.3235294117647059,
            0.3235294117647059,
            0.3235294117647059,
            0.3431372549019608,
            0.35294117647058826,
            0.35294117647058826,
            0.39215686274509803,
            0.4117647058823529,
            0.4215686274509804,
            0.4215686274509804,
            0.4411764705882353,
            0.4411764705882353,
            0.49019607843137253,
            0.49019607843137253,
            0.5,
            0.5,
            0.5294117647058824,
            0.5490196078431373,
            0.5686274509803921,
            0.5686274509803921,
            0.5882352941176471,
            0.5882352941176471,
            0.5980392156862745,
            0.6274509803921569,
            0.6470588235294118,
            0.6470588235294118,
            0.6862745098039216,
            0.7058823529411765,
            0.7254901960784313,
            0.7450980392156863,
            0.7647058823529411,
            0.7941176470588235,
            0.8137254901960784,
            0.8529411764705882,
            0.8823529411764706,
            0.9019607843137255,
            0.9411764705882353,
            0.9705882352941176,
            0.9901960784313726,
            1.0
        ],
        "tpr": [
            0.0,
            0.009708737864077669,
            0.038834951456310676,
            0.07766990291262135,
            0.13592233009708737,
            0.1650485436893204,
            0.18446601941747573,
            0.24271844660194175,
            0.2621359223300971,
            0.27184466019417475,
            0.27184466019417475,
            0.2815533980582524,
            0.32038834951456313,
            0.3592233009708738,
            0.3592233009708738,
            0.3786407766990291,
            0.39805825242718446,
            0.4174757281553398,
            0.4174757281553398,
            0.4368932038834951,
            0.4368932038834951,
            0.46601941747572817,
            0.4854368932038835,
            0.4854368932038835,
            0.5048543689320388,
            0.5242718446601942,
            0.5533980582524272,
            0.5533980582524272,
            0.5825242718446602,
            0.5825242718446602,
            0.6019417475728155,
            0.6019417475728155,
            0.6796116504854369,
            0.6796116504854369,
            0.6990291262135923,
            0.6990291262135923,
            0.7378640776699029,
            0.7572815533980582,
            0.7572815533980582,
            0.7864077669902912,
            0.7864077669902912,
            0.8252427184466019,
            0.8252427184466019,
            0.8349514563106796,
            0.8349514563106796,
            0.8543689320388349,
            0.8543689320388349,
            0.8737864077669902,
            0.8737864077669902,
            0.8737864077669902,
            0.883495145631068,
            0.883495145631068,
            0.9029126213592233,
            0.912621359223301,
            0.912621359223301,
            0.912621359223301,
            0.9320388349514563,
            0.9320388349514563,
            0.9320388349514563,
            0.9320388349514563,
            0.941747572815534,
            0.941747572815534,
            0.9514563106796117,
            0.9514563106796117,
            0.9611650485436893,
            0.9611650485436893,
            0.970873786407767,
            0.970873786407767,
            0.970873786407767,
            0.970873786407767,
            0.9805825242718447,
            0.9805825242718447,
            0.9902912621359223,
            0.9902912621359223,
            0.9902912621359223,
            0.9902912621359223,
            1.0,
            1.0,
            1.0,
            1.0,
            1.0,
            1.0,
            1.0,
            1.0,
            1.0,
            1.0,
            1.0,
            1.0,
            1.0,
            1.0,
            1.0
        ]
    },